CASERNE,MUNICIPALITY/BOROUGH,CODE,2005,2006,2007,2008,2009,2010,2011,2012,2013,2014,2015,2016,2017,2018,2019,2020,2021,2022,2023,2024
3,Le Sud-Ouest,REM20,4615.5,4550.4,4460.4,4650.6,4437.6,4514.4,4548.5,4741.7,4668.1,4693.5,4810.8,4969.9,5077.5,5135.2,5188.9,5369.4,5466.1,5390.4,5499.8,5929.2
15,Le Sud-Ouest,REM20,4615.5,4550.4,4460.4,4650.6,4437.6,4514.4,4548.5,4741.7,4668.1,4693.5,4810.8,4969.9,5077.5,5135.2,5188.9,5369.4,5466.1,5390.4,5499.8,5929.2
23,Le Sud-Ouest,REM20,4615.5,4550.4,4460.4,4650.6,4437.6,4514.4,4548.5,4741.7,4668.1,4693.5,4810.8,4969.9,5077.5,5135.2,5188.9,5369.4,5466.1,5390.4,5499.8,5929.2
33,Le Sud-Ouest,REM20,4615.5,4550.4,4460.4,4650.6,4437.6,4514.4,4548.5,4741.7,4668.1,4693.5,4810.8,4969.9,5077.5,5135.2,5188.9,5369.4,5466.1,5390.4,5499.8,5929.2
9,Villeray-Saint-Michel-Parc-Extension,REM25,9013.5,9097.0,8857.1,8853.0,8962.8,8597.9,8717.1,8776.7,8744.1,8809.4,8971.3,9034.8,9049.5,9066.1,8847.6,8981.9,9005.2,8715.0,8776.6,9345.7
37,Villeray-Saint-Michel-Parc-Extension,REM25,9013.5,9097.0,8857.1,8853.0,8962.8,8597.9,8717.1,8776.7,8744.1,8809.4,8971.3,9034.8,9049.5,9066.1,8847.6,8981.9,9005.2,8715.0,8776.6,9345.7
41,Villeray-Saint-Michel-Parc-Extension,REM25,9013.5,9097.0,8857.1,8853.0,8962.8,8597.9,8717.1,8776.7,8744.1,8809.4,8971.3,9034.8,9049.5,9066.1,8847.6,8981.9,9005.2,8715.0,8776.6,9345.7
14,Rivière-Des-Prairies-Pointe-Aux-Trembles,REM33,2282.5,2282.5,2542.7,2547.7,2478.3,2542.9,2577.3,2611.0,2560.4,2570.9,2610.3,2638.7,2644.5,2663.5,2623.9,2712.3,2769.5,2732.6,2691.9,2711.6
38,Rivière-Des-Prairies-Pointe-Aux-Trembles,REM33,2282.5,2282.5,2542.7,2547.7,2478.3,2542.9,2577.3,2611.0,2560.4,2570.9,2610.3,2638.7,2644.5,2663.5,2623.9,2712.3,2769.5,2732.6,2691.9,2711.6
44,Rivière-Des-Prairies-Pointe-Aux-Trembles,REM33,2282.5,2282.5,2542.7,2547.7,2478.3,2542.9,2577.3,2611.0,2560.4,2570.9,2610.3,2638.7,2644.5,2663.5,2623.9,2712.3,2769.5,2732.6,2691.9,2711.6
32,Rivière-Des-Prairies-Pointe-Aux-Trembles,REM33,2282.5,2282.5,2542.7,2547.7,2478.3,2542.9,2577.3,2611.0,2560.4,2570.9,2610.3,2638.7,2644.5,2663.5,2623.9,2712.3,2769.5,2732.6,2691.9,2711.6
4,Côte-Des-Neiges-Notre-Dame-De-Grâce,REM34,7968.8,8072.9,7894.5,7849.6,7914.7,7782.9,7914.0,7980.7,7797.2,7859.2,7999.9,8082.3,8098.6,8156.2,8042.9,8203.7,8261.4,7969.4,8118.2,8666.5
27,Côte-Des-Neiges-Notre-Dame-De-Grâce,REM34,7968.8,8072.9,7894.5,7849.6,7914.7,7782.9,7914.0,7980.7,7797.2,7859.2,7999.9,8082.3,8098.6,8156.2,8042.9,8203.7,8261.4,7969.4,8118.2,8666.5
34,Côte-Des-Neiges-Notre-Dame-De-Grâce,REM34,7968.8,8072.9,7894.5,7849.6,7914.7,7782.9,7914.0,7980.7,7797.2,7859.2,7999.9,8082.3,8098.6,8156.2,8042.9,8203.7,8261.4,7969.4,8118.2,8666.5
46,Côte-Des-Neiges-Notre-Dame-De-Grâce,REM34,7968.8,8072.9,7894.5,7849.6,7914.7,7782.9,7914.0,7980.7,7797.2,7859.2,7999.9,8082.3,8098.6,8156.2,8042.9,8203.7,8261.4,7969.4,8118.2,8666.5
17,Montréal-Nord,REM16,7822.8,7800.8,7739.8,7731.5,7571.7,7452.1,7576.6,7653.2,7669.2,7764.4,7933.7,8031.1,8035.1,8063.5,7725.6,7921.4,8039.6,7818.6,7825.0,8400.9
18,Montréal-Nord,REM16,7822.8,7800.8,7739.8,7731.5,7571.7,7452.1,7576.6,7653.2,7669.2,7764.4,7933.7,8031.1,8035.1,8063.5,7725.6,7921.4,8039.6,7818.6,7825.0,8400.9
16,Le Plateau-Mont-Royal,REM21,12478.9,12758.5,12690.2,12759.6,12750.7,12621.5,12749.5,12763.3,12525.6,12654.1,12845.1,12980.1,13035.4,13025.2,13082.8,13345.9,13498.4,13183.2,13620.9,13987.0
26,Le Plateau-Mont-Royal,REM21,12478.9,12758.5,12690.2,12759.6,12750.7,12621.5,12749.5,12763.3,12525.6,12654.1,12845.1,12980.1,13035.4,13025.2,13082.8,13345.9,13498.4,13183.2,13620.9,13987.0
30,Le Plateau-Mont-Royal,REM21,12478.9,12758.5,12690.2,12759.6,12750.7,12621.5,12749.5,12763.3,12525.6,12654.1,12845.1,12980.1,13035.4,13025.2,13082.8,13345.9,13498.4,13183.2,13620.9,13987.0
21,Saint-Léonard,REM14,5284.7,5277.3,5250.4,5480.1,5299.9,5424.6,5538.4,5657.2,5746.6,5841.3,5983.2,6057.6,6117.9,6151.8,5986.0,6136.4,6230.8,6091.9,5998.7,6190.4
22,Saint-Léonard,REM14,5284.7,5277.3,5250.4,5480.1,5299.9,5424.6,5538.4,5657.2,5746.6,5841.3,5983.2,6057.6,6117.9,6151.8,5986.0,6136.4,6230.8,6091.9,5998.7,6190.4
28,Anjou,REM09,2858.7,2892.6,2910.2,3052.6,2950.8,3048.7,3112.5,3153.9,3121.9,3170.4,3214.8,3253.1,3283.6,3297.4,3270.1,3357.2,3399.3,3320.0,3305.7,3333.4
29,Rosemont-La Petite-Patrie,REM24,8566.9,8567.3,8474.7,8614.7,8419.0,8542.1,8620.0,8722.0,8576.7,8675.8,8853.1,8967.2,9071.4,9140.7,9066.9,9284.5,9387.9,9195.7,9213.9,9497.9
31,Rosemont-La Petite-Patrie,REM24,8566.9,8567.3,8474.7,8614.7,8419.0,8542.1,8620.0,8722.0,8576.7,8675.8,8853.1,8967.2,9071.4,9140.7,9066.9,9284.5,9387.9,9195.7,9213.9,9497.9
47,Rosemont-La Petite-Patrie,REM24,8566.9,8567.3,8474.7,8614.7,8419.0,8542.1,8620.0,8722.0,8576.7,8675.8,8853.1,8967.2,9071.4,9140.7,9066.9,9284.5,9387.9,9195.7,9213.9,9497.9
50,Rosemont-La Petite-Patrie,REM24,8566.9,8567.3,8474.7,8614.7,8419.0,8542.1,8620.0,8722.0,8576.7,8675.8,8853.1,8967.2,9071.4,9140.7,9066.9,9284.5,9387.9,9195.7,9213.9,9497.9
2,Ville-Marie,REM19,4391.8,4598.8,4656.6,4883.0,4637.9,5071.7,5159.3,5146.1,5131.9,5218.5,5332.9,5381.8,5449.7,5526.1,5617.3,5771.6,5873.1,5797.2,6243.5,7140.8
5,Ville-Marie,REM19,4391.8,4598.8,4656.6,4883.0,4637.9,5071.7,5159.3,5146.1,5131.9,5218.5,5332.9,5381.8,5449.7,5526.1,5617.3,5771.6,5873.1,5797.2,6243.5,7140.8
10,Ville-Marie,REM19,4391.8,4598.8,4656.6,4883.0,4637.9,5071.7,5159.3,5146.1,5131.9,5218.5,5332.9,5381.8,5449.7,5526.1,5617.3,5771.6,5873.1,5797.2,6243.5,7140.8
19,Ville-Marie,REM19,4391.8,4598.8,4656.6,4883.0,4637.9,5071.7,5159.3,5146.1,5131.9,5218.5,5332.9,5381.8,5449.7,5526.1,5617.3,5771.6,5873.1,5797.2,6243.5,7140.8
20,Ville-Marie,REM19,4391.8,4598.8,4656.6,4883.0,4637.9,5071.7,5159.3,5146.1,5131.9,5218.5,5332.9,5381.8,5449.7,5526.1,5617.3,5771.6,5873.1,5797.2,6243.5,7140.8
25,Ville-Marie,REM19,4391.8,4598.8,4656.6,4883.0,4637.9,5071.7,5159.3,5146.1,5131.9,5218.5,5332.9,5381.8,5449.7,5526.1,5617.3,5771.6,5873.1,5797.2,6243.5,7140.8
13,Mercier-Hochelaga-Maisonneuve,REM22,5166.3,5246.5,5171.7,5198.7,5172.2,5209.9,5282.6,5372.4,5279.7,5309.1,5422.6,5496.5,5541.3,5583.3,5528.0,5681.0,5749.1,5643.9,5620.2,5890.9
39,Mercier-Hochelaga-Maisonneuve,REM22,5166.3,5246.5,5171.7,5198.7,5172.2,5209.9,5282.6,5372.4,5279.7,5309.1,5422.6,5496.5,5541.3,5583.3,5528.0,5681.0,5749.1,5643.9,5620.2,5890.9
40,Mercier-Hochelaga-Maisonneuve,REM22,5166.3,5246.5,5171.7,5198.7,5172.2,5209.9,5282.6,5372.4,5279.7,5309.1,5422.6,5496.5,5541.3,5583.3,5528.0,5681.0,5749.1,5643.9,5620.2,5890.9
45,Mercier-Hochelaga-Maisonneuve,REM22,5166.3,5246.5,5171.7,5198.7,5172.2,5209.9,5282.6,5372.4,5279.7,5309.1,5422.6,5496.5,5541.3,5583.3,5528.0,5681.0,5749.1,5643.9,5620.2,5890.9
48,Mercier-Hochelaga-Maisonneuve,REM22,5166.3,5246.5,5171.7,5198.7,5172.2,5209.9,5282.6,5372.4,5279.7,5309.1,5422.6,5496.5,5541.3,5583.3,5528.0,5681.0,5749.1,5643.9,5620.2,5890.9
75,Outremont,REM05,5990.5,5958.7,5928.5,6004.6,6047.7,6134.1,6291.0,6370.8,6173.3,6218.2,6349.2,6421.3,6453.1,6519.2,6427.4,6622.1,6783.6,6707.4,6796.2,6942.3
64,Lachine,REM27,2360.7,2370.1,2362.6,2391.7,2398.0,2386.8,2434.1,2502.8,2419.9,2442.3,2517.0,2542.5,2553.0,2566.0,2584.4,2650.2,2693.3,2643.7,2653.7,2834.6
71,Saint-Laurent,REM15,1900.2,1929.1,1951.9,2027.2,2025.3,2103.5,2148.3,2229.7,2258.1,2320.9,2339.1,2372.2,2409.6,2439.3,2399.2,2459.1,2498.3,2429.1,2438.5,2578.6
72,Saint-Laurent,REM15,1900.2,1929.1,1951.9,2027.2,2025.3,2103.5,2148.3,2229.7,2258.1,2320.9,2339.1,2372.2,2409.6,2439.3,2399.2,2459.1,2498.3,2429.1,2438.5,2578.6
73,Saint-Laurent,REM15,1900.2,1929.1,1951.9,2027.2,2025.3,2103.5,2148.3,2229.7,2258.1,2320.9,2339.1,2372.2,2409.6,2439.3,2399.2,2459.1,2498.3,2429.1,2438.5,2578.6
57,Pierrefonds-Roxboro,REM31,2404.3,2404.3,2427.7,2454.6,2466.8,2493.6,2540.2,2577.3,2572.3,2612.7,2651.6,2671.5,2681.8,2692.9,2628.5,2702.2,2769.2,2726.5,2700.9,2754.1
58,Pierrefonds-Roxboro,REM31,2404.3,2404.3,2427.7,2454.6,2466.8,2493.6,2540.2,2577.3,2572.3,2612.7,2651.6,2671.5,2681.8,2692.9,2628.5,2702.2,2769.2,2726.5,2700.9,2754.1
59,Pierrefonds-Roxboro,REM31,2404.3,2404.3,2427.7,2454.6,2466.8,2493.6,2540.2,2577.3,2572.3,2612.7,2651.6,2671.5,2681.8,2692.9,2628.5,2702.2,2769.2,2726.5,2700.9,2754.1
35,Ahuntsic-Cartierville,REM23,5324.4,5381.0,5276.4,5350.7,5333.4,5256.0,5356.3,5462.8,5345.2,5432.6,5548.1,5638.9,5684.0,5692.4,5671.9,5841.0,5906.4,5768.1,5740.6,5960.0
42,Ahuntsic-Cartierville,REM23,5324.4,5381.0,5276.4,5350.7,5333.4,5256.0,5356.3,5462.8,5345.2,5432.6,5548.1,5638.9,5684.0,5692.4,5671.9,5841.0,5906.4,5768.1,5740.6,5960.0
43,Ahuntsic-Cartierville,REM23,5324.4,5381.0,5276.4,5350.7,5333.4,5256.0,5356.3,5462.8,5345.2,5432.6,5548.1,5638.9,5684.0,5692.4,5671.9,5841.0,5906.4,5768.1,5740.6,5960.0
49,Ahuntsic-Cartierville,REM23,5324.4,5381.0,5276.4,5350.7,5333.4,5256.0,5356.3,5462.8,5345.2,5432.6,5548.1,5638.9,5684.0,5692.4,5671.9,5841.0,5906.4,5768.1,5740.6,5960.0
66,Verdun,REM12,6494.8,6560.3,6605.1,6967.1,6702.9,6982.3,7109.2,7217.5,6912.1,6992.6,7183.6,7270.8,7336.3,7389.3,7342.8,7465.9,7553.6,7407.2,7507.2,7836.8
67,Verdun,REM12,6494.8,6560.3,6605.1,6967.1,6702.9,6982.3,7109.2,7217.5,6912.1,6992.6,7183.6,7270.8,7336.3,7389.3,7342.8,7465.9,7553.6,7407.2,7507.2,7836.8
65,Lasalle,REM17,4638.1,4650.1,4626.2,4691.0,4636.9,4656.9,4721.3,4788.5,4656.3,4706.0,4814.5,4886.6,4913.3,4970.1,4900.8,5034.6,5097.2,4989.5,5087.9,5581.3
56,L'Île-Bizard-Sainte-Geneviève,REM32,761.9,761.9,764.7,762.3,784.3,762.0,775.4,790.0,782.1,787.6,803.1,810.3,813.2,822.0,809.9,834.2,847.8,848.9,841.4,848.4
52,Baie-D'Urfé,66112,660.8,660.8,658.8,664.0,657.7,654.7,646.8,647.0,649.3,646.3,645.5,650.0,641.2,648.3,651.2,653.7,657.3,660.3,648.2,618.3
53,Beaconsfield,66107,1834.8,1834.8,1842.0,1774.3,1742.5,1761.6,1801.5,1822.4,1771.3,1777.0,1804.3,1800.1,1814.3,1825.0,1780.7,1816.1,1812.9,1829.5,1795.9,1753.6
78,Côte-Saint-Luc,66058,4599.9,4599.9,4603.5,4632.6,4559.1,4680.3,4739.6,4802.9,4727.8,4770.1,4839.4,4905.4,4937.1,4994.8,4875.9,5037.8,5089.4,5059.6,5133.2,5483.0
61,Dollard-Des-Ormeaux,66142,3338.0,3338.0,3336.0,3285.5,3252.0,3253.0,3283.0,3299.6,3277.6,3297.0,3335.5,3341.4,3358.6,3368.4,3251.6,3319.3,3309.3,3269.5,3283.4,3300.7
62,Dorval,66087,866.3,867.9,867.3,874.2,864.4,864.0,882.2,901.1,880.6,893.6,908.8,920.9,928.2,936.9,926.1,950.0,943.7,935.5,947.8,966.4
63,Dorval,66087,866.3,867.9,867.3,874.2,864.4,864.0,882.2,901.1,880.6,893.6,908.8,920.9,928.2,936.9,926.1,950.0,943.7,935.5,947.8,966.4
79,Hampstead,66062,4017.2,4017.2,4034.4,3972.8,3966.7,4001.1,4061.7,4100.0,4061.7,4046.1,4046.1,4043.9,4082.2,4129.4,3968.3,4083.3,4151.1,4151.7,4095.6,4149.4
54,Kirkland,66102,2243.9,2264.1,2260.0,2175.8,2157.2,2143.3,2165.3,2183.9,2215.5,2203.5,2232.5,2215.6,2201.2,2192.1,2078.2,2114.4,2088.1,2091.8,2076.0,2037.9
74,Mont-Royal,66072,2749.2,2552.6,2547.5,2536.3,2500.9,2511.6,2555.7,2625.0,2592.4,2641.2,2712.1,2745.9,2789.2,2835.9,2782.4,2898.3,2874.2,2868.2,2820.9,2865.1
8,Montréal-Est,66007,303.7,303.7,311.0,313.8,305.8,306.9,310.1,314.2,303.7,301.2,310.0,307.7,310.9,317.0,309.9,321.0,327.5,344.4,356.5,384.6
77,Montréal-Ouest,66047,3800.7,3800.7,3813.6,3775.0,3710.7,3696.4,3754.3,3800.7,3630.7,3690.0,3740.0,3722.9,3734.3,3777.9,3702.1,3776.4,3785.7,3853.6,4170.7,3750.0
55,Pointe-Claire,66097,1617.3,1626.6,1628.9,1634.7,1614.6,1642.7,1655.6,1673.2,1645.3,1655.7,1669.8,1696.7,1718.1,1734.6,1704.5,1775.6,1793.3,1817.8,1837.7,1884.5
51,Sainte-Anne-De-Bellevue,66117,351.6,351.6,354.2,346.6,350.2,344.0,349.7,351.0,325.7,328.7,327.3,326.5,326.9,331.4,338.9,332.5,332.7,332.3,333.1,353.4
76,Westmount,66032,5013.8,5000.8,4925.2,5216.2,5137.0,5121.8,5206.8,5254.8,5001.8,5027.8,5104.8,5155.2,5162.0,5195.0,5234.5,5243.5,5288.0,5171.8,4984.5,5023.2
